elemento, valor
1212, 0.6756011864877296
1313, 0.65866910154954
1331, 0.181257706826546
3434, 0.7213418728496461