integral, valor
SAA, 1.0
SAB, 0.659317
TAA, 0.7600584704774266
TAB, 0.23645821621430846
V1AA, -1.226648498439419
V1BB, -0.6538293950694781
V1AB, -0.597421431195225