elemento, valor
11, -1.252807825156638
33, -0.47561604552996023